canonical_composer,canonical_title,split,year,midi_filename,audio_filename,duration
Ludwig van Beethoven,"15 Variations and Fugue in Eb on an Original Theme ('Eroica Variations'), Op.35",validation,2004,MIDI-Unprocessed_SMF_13_01_2004_01-05_ORIG_MID--AUDIO_13_R1_2004_05_Track05_wav.midi,2004/MIDI-Unprocessed_SMF_13_01_2004_01-05_ORIG_MID--AUDIO_13_R1_2004_05_Track05_wav.wav,1402.554623
Ludwig van Beethoven,"Andante favori in F Major, WoO 57",validation,2018,MIDI-Unprocessed_Chamber6_MID--AUDIO_20_R3_2018_wav--1.midi,2018/MIDI-Unprocessed_Chamber6_MID--AUDIO_20_R3_2018_wav--1.wav,524.0245828
Ludwig van Beethoven,Bagatelles Op126,train,2006,MIDI-Unprocessed_11_R1_2006_01-06_ORIG_MID--AUDIO_11_R1_2006_02_Track02_wav.midi,2006/MIDI-Unprocessed_11_R1_2006_01-06_ORIG_MID--AUDIO_11_R1_2006_02_Track02_wav.wav,1108.037086
Ludwig van Beethoven,"Bagatelles, Op. 126 (Complete)",train,2014,MIDI-UNPROCESSED_04-08-12_R3_2014_MID--AUDIO_12_R3_2014_wav--1.midi,2014/MIDI-UNPROCESSED_04-08-12_R3_2014_MID--AUDIO_12_R3_2014_wav--1.wav,1158.832976
Ludwig van Beethoven,"Bagtellen, Op.126",train,2009,MIDI-Unprocessed_10_R1_2009_01-02_ORIG_MID--AUDIO_10_R1_2009_10_R1_2009_02_WAV.midi,2009/MIDI-Unprocessed_10_R1_2009_01-02_ORIG_MID--AUDIO_10_R1_2009_10_R1_2009_02_WAV.wav,1136.373062
Ludwig van Beethoven,"Eroica Variations, Op. 35",validation,2004,MIDI-Unprocessed_XP_10_R1_2004_01-02_ORIG_MID--AUDIO_10_R1_2004_02_Track02_wav.midi,2004/MIDI-Unprocessed_XP_10_R1_2004_01-02_ORIG_MID--AUDIO_10_R1_2004_02_Track02_wav.wav,1314.696976
Ludwig van Beethoven,"Fantasia, Op. 77",train,2014,MIDI-UNPROCESSED_14-15_R1_2014_MID--AUDIO_15_R1_2014_wav--1.midi,2014/MIDI-UNPROCESSED_14-15_R1_2014_MID--AUDIO_15_R1_2014_wav--1.wav,527.9321644
Ludwig van Beethoven,"Rondo a capriccioso ""Rage over a Lost Penny"", Op. 129",test,2018,MIDI-Unprocessed_Recital13-15_MID--AUDIO_14_R1_2018_wav--3.midi,2018/MIDI-Unprocessed_Recital13-15_MID--AUDIO_14_R1_2018_wav--3.wav,359.7445655
Ludwig van Beethoven,"Rondo, Op. 129",test,2014,MIDI-UNPROCESSED_14-15_R1_2014_MID--AUDIO_15_R1_2014_wav--2.midi,2014/MIDI-UNPROCESSED_14-15_R1_2014_MID--AUDIO_15_R1_2014_wav--2.wav,338.3436788
Ludwig van Beethoven,"Sonata No. 10 in G Major, Op. 14 No. 2, First Movement",test,2011,MIDI-Unprocessed_09_R1_2011_MID--AUDIO_R1-D3_13_Track13_wav.midi,2011/MIDI-Unprocessed_09_R1_2011_MID--AUDIO_R1-D3_13_Track13_wav.wav,278.9406933
Ludwig van Beethoven,"Sonata No. 11 in B-flat Major, Op. 22, I. Allegro con brio",validation,2015,MIDI-Unprocessed_R1_D1-1-8_mid--AUDIO-from_mp3_03_R1_2015_wav--3.midi,2015/MIDI-Unprocessed_R1_D1-1-8_mid--AUDIO-from_mp3_03_R1_2015_wav--3.wav,336.2583333
Ludwig van Beethoven,"Sonata No. 11 in B-flat Major, Op. 22, I. Allegro con brio",validation,2015,MIDI-Unprocessed_R1_D2-13-20_mid--AUDIO-from_mp3_13_R1_2015_wav--2.midi,2015/MIDI-Unprocessed_R1_D2-13-20_mid--AUDIO-from_mp3_13_R1_2015_wav--2.wav,318.44375
Ludwig van Beethoven,"Sonata No. 11 in E-flat Major, Op. 22 (Complete)",validation,2014,MIDI-UNPROCESSED_16-18_R1_2014_MID--AUDIO_16_R1_2014_wav--2.midi,2014/MIDI-UNPROCESSED_16-18_R1_2014_MID--AUDIO_16_R1_2014_wav--2.wav,1320.414011
Ludwig van Beethoven,"Sonata No. 11, Op. 22 in B-flat Major, I. Allegro con brio",validation,2017,MIDI-Unprocessed_058_PIANO058_MID--AUDIO-split_07-07-17_Piano-e_2-02_wav--3.midi,2017/MIDI-Unprocessed_058_PIANO058_MID--AUDIO-split_07-07-17_Piano-e_2-02_wav--3.wav,321.7943634
Ludwig van Beethoven,"Sonata No. 12 in A-flat Major, Op. 26, First Movement",test,2008,MIDI-Unprocessed_06_R1_2008_01-04_ORIG_MID--AUDIO_06_R1_2008_wav--2.midi,2008/MIDI-Unprocessed_06_R1_2008_01-04_ORIG_MID--AUDIO_06_R1_2008_wav--2.wav,405.6299363
Ludwig van Beethoven,"Sonata No. 15 in D Major, Op. 28, I. Allegro",test,2017,MIDI-Unprocessed_044_PIANO044_MID--AUDIO-split_07-06-17_Piano-e_1-04_wav--2.midi,2017/MIDI-Unprocessed_044_PIANO044_MID--AUDIO-split_07-06-17_Piano-e_1-04_wav--2.wav,454.737088
Ludwig van Beethoven,"Sonata No. 16 Op. 31 No. 1 in G Major, I. Allegro vivace",test,2017,MIDI-Unprocessed_046_PIANO046_MID--AUDIO-split_07-06-17_Piano-e_2-02_wav--2.midi,2017/MIDI-Unprocessed_046_PIANO046_MID--AUDIO-split_07-06-17_Piano-e_2-02_wav--2.wav,281.4441337
Ludwig van Beethoven,"Sonata No. 16 Op. 31 No. 1 in G Major, I. Allegro vivace",test,2017,MIDI-Unprocessed_049_PIANO049_MID--AUDIO-split_07-06-17_Piano-e_2-06_wav--2.midi,2017/MIDI-Unprocessed_049_PIANO049_MID--AUDIO-split_07-06-17_Piano-e_2-06_wav--2.wav,306.1042693
Ludwig van Beethoven,"Sonata No. 16 in G Major, Op. 31 No. 1, First Movement",test,2008,MIDI-Unprocessed_05_R1_2008_01-04_ORIG_MID--AUDIO_05_R1_2008_wav--2.midi,2008/MIDI-Unprocessed_05_R1_2008_01-04_ORIG_MID--AUDIO_05_R1_2008_wav--2.wav,283.8111478
Ludwig van Beethoven,"Sonata No. 16 in G Major, Op. 31 No. 1, First movement",test,2008,MIDI-Unprocessed_17_R1_2008_01-04_ORIG_MID--AUDIO_17_R1_2008_wav--2.midi,2008/MIDI-Unprocessed_17_R1_2008_01-04_ORIG_MID--AUDIO_17_R1_2008_wav--2.wav,277.5785152
Ludwig van Beethoven,"Sonata No. 16 in G Major, Op. 31 No. 1, I. and II. ",test,2015,MIDI-Unprocessed_R1_D1-1-8_mid--AUDIO-from_mp3_06_R1_2015_wav--2.midi,2015/MIDI-Unprocessed_R1_D1-1-8_mid--AUDIO-from_mp3_06_R1_2015_wav--2.wav,876.4208333
Ludwig van Beethoven,"Sonata No. 17 in D Minor, Op. 31 No. 2, 1st Movement",train,2011,MIDI-Unprocessed_19_R1_2011_MID--AUDIO_R1-D7_13_Track13_wav.midi,2011/MIDI-Unprocessed_19_R1_2011_MID--AUDIO_R1-D7_13_Track13_wav.wav,451.6114608
Ludwig van Beethoven,"Sonata No. 17 in D Minor, Op. 31 No. 2, First Movement",train,2011,MIDI-Unprocessed_08_R1_2011_MID--AUDIO_R1-D3_08_Track08_wav.midi,2011/MIDI-Unprocessed_08_R1_2011_MID--AUDIO_R1-D3_08_Track08_wav.wav,397.7747091
Ludwig van Beethoven,"Sonata No. 17 in D Minor, Op. 31 No. 2, First Movement",train,2011,MIDI-Unprocessed_15_R1_2011_MID--AUDIO_R1-D6_08_Track08_wav.midi,2011/MIDI-Unprocessed_15_R1_2011_MID--AUDIO_R1-D6_08_Track08_wav.wav,360.0450459
Ludwig van Beethoven,"Sonata No. 17 in D minor, Op. 31 No. 2, 1st mov.",train,2013,ORIG-MIDI_02_7_6_13_Group__MID--AUDIO_08_R1_2013_wav--2.midi,2013/ORIG-MIDI_02_7_6_13_Group__MID--AUDIO_08_R1_2013_wav--2.wav,340.150568
Ludwig van Beethoven,"Sonata No. 17, Op. 31 No. 2 in D Minor ""Tempest"", I. Largo-Allegro",train,2017,MIDI-Unprocessed_050_PIANO050_MID--AUDIO-split_07-06-17_Piano-e_3-01_wav--2.midi,2017/MIDI-Unprocessed_050_PIANO050_MID--AUDIO-split_07-06-17_Piano-e_3-01_wav--2.wav,376.1178151
Ludwig van Beethoven,"Sonata No. 17, Op. 31 No. 2 in D Minor ""Tempest"", I. Largo-Allegro",train,2017,MIDI-Unprocessed_053_PIANO053_MID--AUDIO-split_07-06-17_Piano-e_3-04_wav--3.midi,2017/MIDI-Unprocessed_053_PIANO053_MID--AUDIO-split_07-06-17_Piano-e_3-04_wav--3.wav,380.4190761
Ludwig van Beethoven,"Sonata No. 17, Op. 31 No. 2 in D Minor ""Tempest"", I. Largo-Allegro",train,2017,MIDI-Unprocessed_055_PIANO055_MID--AUDIO-split_07-07-17_Piano-e_1-04_wav--2.midi,2017/MIDI-Unprocessed_055_PIANO055_MID--AUDIO-split_07-07-17_Piano-e_1-04_wav--2.wav,355.3518912
Ludwig van Beethoven,"Sonata No. 17, Op. 31 No. 2 in D Minor ""Tempest"", I. Largo-Allegro",train,2017,MIDI-Unprocessed_057_PIANO057_MID--AUDIO-split_07-07-17_Piano-e_1-07_wav--2.midi,2017/MIDI-Unprocessed_057_PIANO057_MID--AUDIO-split_07-07-17_Piano-e_1-07_wav--2.wav,384.5568763
Ludwig van Beethoven,"Sonata No. 18 in E-flat Major, Op. 31 No. 3, First Movement",test,2008,MIDI-Unprocessed_09_R1_2008_01-05_ORIG_MID--AUDIO_09_R1_2008_wav--2.midi,2008/MIDI-Unprocessed_09_R1_2008_01-05_ORIG_MID--AUDIO_09_R1_2008_wav--2.wav,351.6703214
Ludwig van Beethoven,"Sonata No. 18 in E-flat Major, Op. 31 No. 3, First Movement",test,2008,MIDI-Unprocessed_18_R1_2008_01-04_ORIG_MID--AUDIO_18_R1_2008_wav--2.midi,2008/MIDI-Unprocessed_18_R1_2008_01-04_ORIG_MID--AUDIO_18_R1_2008_wav--2.wav,352.3474041
Ludwig van Beethoven,"Sonata No. 18 in E-flat Major, Op. 31, No. 3 (Complete)",test,2014,MIDI-UNPROCESSED_04-05_R1_2014_MID--AUDIO_04_R1_2014_wav--2.midi,2014/MIDI-UNPROCESSED_04-05_R1_2014_MID--AUDIO_04_R1_2014_wav--2.wav,1206.218078
Ludwig van Beethoven,"Sonata No. 18, Op. 31 No. 3 in E-flat Major, I. Allegro",test,2017,MIDI-Unprocessed_066_PIANO066_MID--AUDIO-split_07-07-17_Piano-e_3-02_wav--2.midi,2017/MIDI-Unprocessed_066_PIANO066_MID--AUDIO-split_07-07-17_Piano-e_3-02_wav--2.wav,353.245064
Ludwig van Beethoven,"Sonata No. 21 in  C Major, Op. 53",train,2009,MIDI-Unprocessed_11_R1_2009_01-05_ORIG_MID--AUDIO_11_R1_2009_11_R1_2009_01_WAV.midi,2009/MIDI-Unprocessed_11_R1_2009_01-05_ORIG_MID--AUDIO_11_R1_2009_11_R1_2009_01_WAV.wav,1344.340269
Ludwig van Beethoven,"Sonata No. 21 in C Major, Op. 53",train,2018,MIDI-Unprocessed_Recital17-19_MID--AUDIO_18_R1_2018_wav--1.midi,2018/MIDI-Unprocessed_Recital17-19_MID--AUDIO_18_R1_2018_wav--1.wav,1306.740146
Ludwig van Beethoven,"Sonata No. 21 in C Major, Op. 53, ""Waldstein"", First Movement",train,2011,MIDI-Unprocessed_11_R1_2011_MID--AUDIO_R1-D4_08_Track08_wav.midi,2011/MIDI-Unprocessed_11_R1_2011_MID--AUDIO_R1-D4_08_Track08_wav.wav,519.5601108
Ludwig van Beethoven,"Sonata No. 21 in C Major, Op. 53, ""Waldstein"", First Movement",train,2011,MIDI-Unprocessed_13_R1_2011_MID--AUDIO_R1-D5_04_Track04_wav.midi,2011/MIDI-Unprocessed_13_R1_2011_MID--AUDIO_R1-D5_04_Track04_wav.wav,521.5646494
Ludwig van Beethoven,"Sonata No. 21 in C Major, Op. 53, ""Waldstein"", First Movement",train,2011,MIDI-Unprocessed_18_R1_2011_MID--AUDIO_R1-D7_08_Track08_wav.midi,2011/MIDI-Unprocessed_18_R1_2011_MID--AUDIO_R1-D7_08_Track08_wav.wav,489.6789975
Ludwig van Beethoven,"Sonata No. 21 in C Major, Op. 53, 1st mov.",train,2013,ORIG-MIDI_01_7_6_13_Group__MID--AUDIO_03_R1_2013_wav--2.midi,2013/ORIG-MIDI_01_7_6_13_Group__MID--AUDIO_03_R1_2013_wav--2.wav,534.7016555
Ludwig van Beethoven,"Sonata No. 21 in C Major, Op. 53, First Movement",train,2008,MIDI-Unprocessed_15_R1_2008_01-04_ORIG_MID--AUDIO_15_R1_2008_wav--2.midi,2008/MIDI-Unprocessed_15_R1_2008_01-04_ORIG_MID--AUDIO_15_R1_2008_wav--2.wav,481.751655
Ludwig van Beethoven,"Sonata No. 21 in C Major, Op. 53, I. Allegro con brio",train,2015,MIDI-Unprocessed_R1_D1-1-8_mid--AUDIO-from_mp3_07_R1_2015_wav--2.midi,2015/MIDI-Unprocessed_R1_D1-1-8_mid--AUDIO-from_mp3_07_R1_2015_wav--2.wav,484.2260417
Ludwig van Beethoven,"Sonata No. 21 in C Major, Op. 53, I. Allegro con brio",train,2015,MIDI-Unprocessed_R1_D1-1-8_mid--AUDIO-from_mp3_08_R1_2015_wav--2.midi,2015/MIDI-Unprocessed_R1_D1-1-8_mid--AUDIO-from_mp3_08_R1_2015_wav--2.wav,504.6104167
Ludwig van Beethoven,"Sonata No. 21 in C major, Op. 53, 1st mov.",train,2013,ORIG-MIDI_02_7_6_13_Group__MID--AUDIO_05_R1_2013_wav--2.midi,2013/ORIG-MIDI_02_7_6_13_Group__MID--AUDIO_05_R1_2013_wav--2.wav,506.9960208
Ludwig van Beethoven,"Sonata No. 21 in C major, Op. 53, “Waldstein,” I. Allegro con brio",train,2014,MIDI-UNPROCESSED_01-03_R1_2014_MID--AUDIO_03_R1_2014_wav--3.midi,2014/MIDI-UNPROCESSED_01-03_R1_2014_MID--AUDIO_03_R1_2014_wav--3.wav,470.2893267
Ludwig van Beethoven,"Sonata No. 21, Op. 53, ""Waldstein"", I. Allegro con brio",train,2017,MIDI-Unprocessed_041_PIANO041_MID--AUDIO-split_07-06-17_Piano-e_1-01_wav--2.midi,2017/MIDI-Unprocessed_041_PIANO041_MID--AUDIO-split_07-06-17_Piano-e_1-01_wav--2.wav,473.1931942
Ludwig van Beethoven,"Sonata No. 21, Op. 53, ""Waldstein"", I. Allegro con brio",train,2017,MIDI-Unprocessed_043_PIANO043_MID--AUDIO-split_07-06-17_Piano-e_1-03_wav--2.midi,2017/MIDI-Unprocessed_043_PIANO043_MID--AUDIO-split_07-06-17_Piano-e_1-03_wav--2.wav,637.0705963
Ludwig van Beethoven,"Sonata No. 21, Op. 53, ""Waldstein"", I. Allegro con brio",train,2017,MIDI-Unprocessed_048_PIANO048_MID--AUDIO-split_07-06-17_Piano-e_2-05_wav--2.midi,2017/MIDI-Unprocessed_048_PIANO048_MID--AUDIO-split_07-06-17_Piano-e_2-05_wav--2.wav,484.1910035
Ludwig van Beethoven,"Sonata No. 21, Op. 53, ""Waldstein"", I. Allegro con brio",train,2017,MIDI-Unprocessed_056_PIANO056_MID--AUDIO-split_07-07-17_Piano-e_1-05_wav--3.midi,2017/MIDI-Unprocessed_056_PIANO056_MID--AUDIO-split_07-07-17_Piano-e_1-05_wav--3.wav,501.5189101
Ludwig van Beethoven,"Sonata No. 21, Op. 53, ""Waldstein"", I. Allegro con brio",train,2017,MIDI-Unprocessed_059_PIANO059_MID--AUDIO-split_07-07-17_Piano-e_2-03_wav--2.midi,2017/MIDI-Unprocessed_059_PIANO059_MID--AUDIO-split_07-07-17_Piano-e_2-03_wav--2.wav,480.3961503
Ludwig van Beethoven,"Sonata No. 21, Op. 53, ""Waldstein"", I. Allegro con brio",train,2017,MIDI-Unprocessed_062_PIANO062_MID--AUDIO-split_07-07-17_Piano-e_2-07_wav--1.midi,2017/MIDI-Unprocessed_062_PIANO062_MID--AUDIO-split_07-07-17_Piano-e_2-07_wav--1.wav,488.3330772
Ludwig van Beethoven,"Sonata No. 23 in F Minor, Op. 57 ""Appassionata"", First Movement",train,2008,MIDI-Unprocessed_03_R1_2008_01-04_ORIG_MID--AUDIO_03_R1_2008_wav--2.midi,2008/MIDI-Unprocessed_03_R1_2008_01-04_ORIG_MID--AUDIO_03_R1_2008_wav--2.wav,593.3180498
Ludwig van Beethoven,"Sonata No. 23 in F Minor, Op. 57 (Complete)",train,2015,MIDI-Unprocessed_R1_D1-9-12_mid--AUDIO-from_mp3_10_R1_2015_wav--3.midi,2015/MIDI-Unprocessed_R1_D1-9-12_mid--AUDIO-from_mp3_10_R1_2015_wav--3.wav,1251.288542
Ludwig van Beethoven,"Sonata No. 23 in F Minor, Op. 57, First Movement",train,2011,MIDI-Unprocessed_12_R2_2011_MID--AUDIO_R2-D4_03_Track03_wav.midi,2011/MIDI-Unprocessed_12_R2_2011_MID--AUDIO_R2-D4_03_Track03_wav.wav,523.8416236
Ludwig van Beethoven,"Sonata No. 23 in F Minor, Op. 57, First Movement",train,2011,MIDI-Unprocessed_20_R1_2011_MID--AUDIO_R1-D8_04_Track04_wav.midi,2011/MIDI-Unprocessed_20_R1_2011_MID--AUDIO_R1-D8_04_Track04_wav.wav,572.4233058
Ludwig van Beethoven,"Sonata No. 23 in F Minor, Op. 57, First Movement",train,2011,MIDI-Unprocessed_25_R1_2011_MID--AUDIO_R1-D9_15_Track15_wav.midi,2011/MIDI-Unprocessed_25_R1_2011_MID--AUDIO_R1-D9_15_Track15_wav.wav,564.8725655
Ludwig van Beethoven,"Sonata No. 23 in F Minor, Op. 57, First movement",train,2011,MIDI-Unprocessed_21_R1_2011_MID--AUDIO_R1-D8_08_Track08_wav.midi,2011/MIDI-Unprocessed_21_R1_2011_MID--AUDIO_R1-D8_08_Track08_wav.wav,568.3474552
Ludwig van Beethoven,"Sonata No. 23, Op. 57 in F Minor, ""Appassionata"", I. Allegro assai",train,2017,MIDI-Unprocessed_045_PIANO045_MID--AUDIO-split_07-06-17_Piano-e_2-01_wav--2.midi,2017/MIDI-Unprocessed_045_PIANO045_MID--AUDIO-split_07-06-17_Piano-e_2-01_wav--2.wav,515.4130728
Ludwig van Beethoven,"Sonata No. 24 in F-Sharp Major, Op. 78",train,2008,MIDI-Unprocessed_11_R1_2008_01-04_ORIG_MID--AUDIO_11_R1_2008_wav--2.midi,2008/MIDI-Unprocessed_11_R1_2008_01-04_ORIG_MID--AUDIO_11_R1_2008_wav--2.wav,602.757143
Ludwig van Beethoven,"Sonata No. 24 in F-sharp Major, Op. 78",train,2011,MIDI-Unprocessed_24_R1_2011_MID--AUDIO_R1-D9_09_Track09_wav.midi,2011/MIDI-Unprocessed_24_R1_2011_MID--AUDIO_R1-D9_09_Track09_wav.wav,397.6932455
Ludwig van Beethoven,"Sonata No. 24 in F-sharp Major, Op. 78, First Movement",train,2008,MIDI-Unprocessed_01_R1_2008_01-04_ORIG_MID--AUDIO_01_R1_2008_wav--2.midi,2008/MIDI-Unprocessed_01_R1_2008_01-04_ORIG_MID--AUDIO_01_R1_2008_wav--2.wav,278.4211959
Ludwig van Beethoven,"Sonata No. 26 in 3-flat Major, Op. 81a (2nd & 3rd Movements)",train,2004,MIDI-Unprocessed_XP_09_R1_2004_01-02_ORIG_MID--AUDIO_09_R1_2004_02_Track02_wav.midi,2004/MIDI-Unprocessed_XP_09_R1_2004_01-02_ORIG_MID--AUDIO_09_R1_2004_02_Track02_wav.wav,316.5727841
Ludwig van Beethoven,"Sonata No. 26 in 3-flat Major, Op. 81a (2nd & 3rd Movements)",train,2004,MIDI-Unprocessed_XP_09_R1_2004_01-02_ORIG_MID--AUDIO_09_R1_2004_03_Track03_wav.midi,2004/MIDI-Unprocessed_XP_09_R1_2004_01-02_ORIG_MID--AUDIO_09_R1_2004_03_Track03_wav.wav,453.3928933
Ludwig van Beethoven,"Sonata No. 26 in E-Flat Major, Op. 81a, ""Les Adiex"", First Movement",train,2011,MIDI-Unprocessed_16_R1_2011_MID--AUDIO_R1-D6_14_Track14_wav.midi,2011/MIDI-Unprocessed_16_R1_2011_MID--AUDIO_R1-D6_14_Track14_wav.wav,399.4480514
Ludwig van Beethoven,"Sonata No. 26 in E-Flat Major, Op. 81a, ""Les Adiex"", First Movement",train,2011,MIDI-Unprocessed_17_R1_2011_MID--AUDIO_R1-D7_03_Track03_wav.midi,2011/MIDI-Unprocessed_17_R1_2011_MID--AUDIO_R1-D7_03_Track03_wav.wav,338.0458692
Ludwig van Beethoven,"Sonata No. 26 in E-flat Major, Op. 81a, I. Das Lebewohl. Adagio - Allegro",train,2015,MIDI-Unprocessed_R1_D2-21-22_mid--AUDIO-from_mp3_22_R1_2015_wav--2.midi,2015/MIDI-Unprocessed_R1_D2-21-22_mid--AUDIO-from_mp3_22_R1_2015_wav--2.wav,407.4552083
Ludwig van Beethoven,"Sonata No. 27 in E Minor, Op. 90",validation,2018,MIDI-Unprocessed_Recital4_MID--AUDIO_04_R1_2018_wav--3.midi,2018/MIDI-Unprocessed_Recital4_MID--AUDIO_04_R1_2018_wav--3.wav,760.2770175
Ludwig van Beethoven,"Sonata No. 27 in E Minor, Op. 90, First Movement",validation,2008,MIDI-Unprocessed_07_R1_2008_01-04_ORIG_MID--AUDIO_07_R1_2008_wav--2.midi,2008/MIDI-Unprocessed_07_R1_2008_01-04_ORIG_MID--AUDIO_07_R1_2008_wav--2.wav,308.5360163
Ludwig van Beethoven,"Sonata No. 27, Op. 90, I. Mit Lebhaftigkeit und durchaus mit Empfindung und Ausdruck",validation,2017,MIDI-Unprocessed_051_PIANO051_MID--AUDIO-split_07-06-17_Piano-e_3-02_wav--2.midi,2017/MIDI-Unprocessed_051_PIANO051_MID--AUDIO-split_07-06-17_Piano-e_3-02_wav--2.wav,318.4204483
Ludwig van Beethoven,"Sonata No. 28 in A Major, Op. 101 (Complete)",train,2014,MIDI-UNPROCESSED_11-13_R1_2014_MID--AUDIO_13_R1_2014_wav--3.midi,2014/MIDI-UNPROCESSED_11-13_R1_2014_MID--AUDIO_13_R1_2014_wav--3.wav,1201.079194
Ludwig van Beethoven,"Sonata No. 28 in A Major, Op. 101 (Complete)",train,2014,MIDI-UNPROCESSED_16-18_R1_2014_MID--AUDIO_17_R1_2014_wav--1.midi,2014/MIDI-UNPROCESSED_16-18_R1_2014_MID--AUDIO_17_R1_2014_wav--1.wav,1162.390665
Ludwig van Beethoven,"Sonata No. 28 in A Major, Op. 101 (Complete)",train,2014,MIDI-UNPROCESSED_16-18_R1_2014_MID--AUDIO_18_R1_2014_wav--2.midi,2014/MIDI-UNPROCESSED_16-18_R1_2014_MID--AUDIO_18_R1_2014_wav--2.wav,1098.925183
Ludwig van Beethoven,"Sonata No. 29 in B-flat Major, Op. 106",validation,2018,MIDI-Unprocessed_Recital1-3_MID--AUDIO_02_R1_2018_wav--1.midi,2018/MIDI-Unprocessed_Recital1-3_MID--AUDIO_02_R1_2018_wav--1.wav,2457.807371
Ludwig van Beethoven,"Sonata No. 3 in C Major, Op. 2 No. 3, First Movement",test,2008,MIDI-Unprocessed_10_R1_2008_01-04_ORIG_MID--AUDIO_10_R1_2008_wav--2.midi,2008/MIDI-Unprocessed_10_R1_2008_01-04_ORIG_MID--AUDIO_10_R1_2008_wav--2.wav,430.0636725
Ludwig van Beethoven,"Sonata No. 3 in C Major, Op. 2 No. 3, I. Allegro con brio",test,2015,MIDI-Unprocessed_R1_D1-1-8_mid--AUDIO-from_mp3_05_R1_2015_wav--3.midi,2015/MIDI-Unprocessed_R1_D1-1-8_mid--AUDIO-from_mp3_05_R1_2015_wav--3.wav,445.68125
Ludwig van Beethoven,"Sonata No. 3 in C Major, Op. 2 No. 3, I. and II. ",test,2015,MIDI-Unprocessed_R1_D1-9-12_mid--AUDIO-from_mp3_09_R1_2015_wav--2.midi,2015/MIDI-Unprocessed_R1_D1-9-12_mid--AUDIO-from_mp3_09_R1_2015_wav--2.wav,894.40625
Ludwig van Beethoven,"Sonata No. 3, Op. 2 No. 3 in C major, I. Allegro con brio",test,2017,MIDI-Unprocessed_065_PIANO065_MID--AUDIO-split_07-07-17_Piano-e_3-01_wav--2.midi,2017/MIDI-Unprocessed_065_PIANO065_MID--AUDIO-split_07-07-17_Piano-e_3-01_wav--2.wav,450.1548455
Ludwig van Beethoven,"Sonata No. 30 in E Major, Op. 109",train,2018,MIDI-Unprocessed_Recital13-15_MID--AUDIO_14_R1_2018_wav--2.midi,2018/MIDI-Unprocessed_Recital13-15_MID--AUDIO_14_R1_2018_wav--2.wav,1176.402403
Ludwig van Beethoven,"Sonata No. 31 In A-flat Major, Op. 110",train,2018,MIDI-Unprocessed_Recital17-19_MID--AUDIO_19_R1_2018_wav--2.midi,2018/MIDI-Unprocessed_Recital17-19_MID--AUDIO_19_R1_2018_wav--2.wav,1022.544383
Ludwig van Beethoven,"Sonata No. 31 in A-Flat Major, Op. 110 (Complete)",train,2014,MIDI-UNPROCESSED_06-08_R1_2014_MID--AUDIO_06_R1_2014_wav--3.midi,2014/MIDI-UNPROCESSED_06-08_R1_2014_MID--AUDIO_06_R1_2014_wav--3.wav,1137.437431
Ludwig van Beethoven,"Sonata No. 31 in A-flat Major, Op. 110",train,2018,MIDI-Unprocessed_Recital9-11_MID--AUDIO_10_R1_2018_wav--2.midi,2018/MIDI-Unprocessed_Recital9-11_MID--AUDIO_10_R1_2018_wav--2.wav,1060.721429
Ludwig van Beethoven,"Sonata No. 31 in A-flat Major, Op. 110 (Complete)",train,2014,MIDI-UNPROCESSED_01-03_R1_2014_MID--AUDIO_02_R1_2014_wav--2.midi,2014/MIDI-UNPROCESSED_01-03_R1_2014_MID--AUDIO_02_R1_2014_wav--2.wav,1063.921212
Ludwig van Beethoven,"Sonata No. 31 in A-flat Major, Op. 110, First movement",train,2011,MIDI-Unprocessed_14_R1_2011_MID--AUDIO_R1-D6_03_Track03_wav.midi,2011/MIDI-Unprocessed_14_R1_2011_MID--AUDIO_R1-D6_03_Track03_wav.wav,397.2151477
Ludwig van Beethoven,"Sonata No. 32 in C Minor, Op. 111",train,2009,MIDI-Unprocessed_06_R1_2009_01-02_ORIG_MID--AUDIO_06_R1_2009_06_R1_2009_02_WAV.midi,2009/MIDI-Unprocessed_06_R1_2009_01-02_ORIG_MID--AUDIO_06_R1_2009_06_R1_2009_02_WAV.wav,1603.114049
Ludwig van Beethoven,"Sonata No. 32 in C Minor, Op. 111 (Complete)",train,2014,MIDI-UNPROCESSED_19-20_R1_2014_MID--AUDIO_19_R1_2014_wav--2.midi,2014/MIDI-UNPROCESSED_19-20_R1_2014_MID--AUDIO_19_R1_2014_wav--2.wav,1585.969301
Ludwig van Beethoven,"Sonata No. 32 in C minor, Op. 111",train,2018,MIDI-Unprocessed_Recital13-15_MID--AUDIO_15_R1_2018_wav--3.midi,2018/MIDI-Unprocessed_Recital13-15_MID--AUDIO_15_R1_2018_wav--3.wav,1590.102577
Ludwig van Beethoven,"Sonata No. 4 in E-flat Major, Op. 7, 1st mov.",train,2013,ORIG-MIDI_01_7_6_13_Group__MID--AUDIO_01_R1_2013_wav--2.midi,2013/ORIG-MIDI_01_7_6_13_Group__MID--AUDIO_01_R1_2013_wav--2.wav,330.7635581
Ludwig van Beethoven,"Sonata No. 4 in E-flat Major, Op. 7, 1st mov.",train,2013,ORIG-MIDI_01_7_6_13_Group__MID--AUDIO_02_R1_2013_wav--2.midi,2013/ORIG-MIDI_01_7_6_13_Group__MID--AUDIO_02_R1_2013_wav--2.wav,325.3095038
Ludwig van Beethoven,"Sonata No. 4 in E-flat Major, Op. 7, First Movement",train,2011,MIDI-Unprocessed_22_R1_2011_MID--AUDIO_R1-D8_13_Track13_wav.midi,2011/MIDI-Unprocessed_22_R1_2011_MID--AUDIO_R1-D8_13_Track13_wav.wav,332.583802
Ludwig van Beethoven,"Sonata No. 4 in E-flat Major, Op. 7, I. Allegro molto e con brio",train,2015,MIDI-Unprocessed_R1_D2-13-20_mid--AUDIO-from_mp3_17_R1_2015_wav--2.midi,2015/MIDI-Unprocessed_R1_D2-13-20_mid--AUDIO-from_mp3_17_R1_2015_wav--2.wav,338.4729167
Ludwig van Beethoven,"Sonata No. 4 in E-flat Major, Op. 7, I. Allegro molto e con brio",train,2017,MIDI-Unprocessed_060_PIANO060_MID--AUDIO-split_07-07-17_Piano-e_2-04_wav--4.midi,2017/MIDI-Unprocessed_060_PIANO060_MID--AUDIO-split_07-07-17_Piano-e_2-04_wav--4.wav,325.8776767
Ludwig van Beethoven,"Sonata No. 4 in E-flat Major, Op. 7, I. Allegro molto e con brio",train,2017,MIDI-Unprocessed_061_PIANO061_MID--AUDIO-split_07-07-17_Piano-e_2-05_wav--2.midi,2017/MIDI-Unprocessed_061_PIANO061_MID--AUDIO-split_07-07-17_Piano-e_2-05_wav--2.wav,333.3712297
Ludwig van Beethoven,"Sonata No. 5 in C Minor, Op. 10 No. 1, First Movement",test,2011,MIDI-Unprocessed_23_R1_2011_MID--AUDIO_R1-D9_03_Track03_wav.midi,2011/MIDI-Unprocessed_23_R1_2011_MID--AUDIO_R1-D9_03_Track03_wav.wav,271.5088097
Ludwig van Beethoven,"Sonata No. 5 in C Minor, Op. 10 No. 1, I. Allegro molto e con brio",test,2015,MIDI-Unprocessed_R1_D2-13-20_mid--AUDIO-from_mp3_16_R1_2015_wav--2.midi,2015/MIDI-Unprocessed_R1_D2-13-20_mid--AUDIO-from_mp3_16_R1_2015_wav--2.wav,236.0416667
Ludwig van Beethoven,"Sonata No. 7 in D Major, Op. 10 No. 3",train,2018,MIDI-Unprocessed_Recital1-3_MID--AUDIO_03_R1_2018_wav--1.midi,2018/MIDI-Unprocessed_Recital1-3_MID--AUDIO_03_R1_2018_wav--1.wav,1254.063917
Ludwig van Beethoven,"Sonata No. 7 in D Major, Op. 10 No. 3, 1st mov.",train,2013,ORIG-MIDI_02_7_6_13_Group__MID--AUDIO_06_R1_2013_wav--1.midi,2013/ORIG-MIDI_02_7_6_13_Group__MID--AUDIO_06_R1_2013_wav--1.wav,283.6068211
Ludwig van Beethoven,"Sonata No. 7 in D Major, Op. 10 No. 3, 1st mov.",train,2013,ORIG-MIDI_01_7_7_13_Group__MID--AUDIO_13_R1_2013_wav--2.midi,2013/ORIG-MIDI_01_7_7_13_Group__MID--AUDIO_13_R1_2013_wav--2.wav,397.7893992
Ludwig van Beethoven,"Sonata No. 7 in D Major, Op. 10 No. 3, First Movement",train,2011,MIDI-Unprocessed_06_R1_2011_MID--AUDIO_R1-D2_15_Track15_wav.midi,2011/MIDI-Unprocessed_06_R1_2011_MID--AUDIO_R1-D2_15_Track15_wav.wav,278.1327347
Ludwig van Beethoven,"Sonata No. 7, Op. 10 No. 3 in D Major, I. Presto",train,2017,MIDI-Unprocessed_047_PIANO047_MID--AUDIO-split_07-06-17_Piano-e_2-04_wav--1.midi,2017/MIDI-Unprocessed_047_PIANO047_MID--AUDIO-split_07-06-17_Piano-e_2-04_wav--1.wav,304.5326958
Ludwig van Beethoven,"Sonata No. 7, Op. 10 No. 3 in D Major, I. Presto",train,2017,MIDI-Unprocessed_067_PIANO067_MID--AUDIO-split_07-07-17_Piano-e_3-03_wav--2.midi,2017/MIDI-Unprocessed_067_PIANO067_MID--AUDIO-split_07-07-17_Piano-e_3-03_wav--2.wav,289.1011475
Ludwig van Beethoven,"Sonata No. 8 in C Minor, Op.13",test,2009,MIDI-Unprocessed_09_R1_2009_01-04_ORIG_MID--AUDIO_09_R1_2009_09_R1_2009_03_WAV.midi,2009/MIDI-Unprocessed_09_R1_2009_01-04_ORIG_MID--AUDIO_09_R1_2009_09_R1_2009_03_WAV.wav,921.4988114
Ludwig van Beethoven,Sonata Op. 10/3,train,2006,MIDI-Unprocessed_10_R1_2006_01-04_ORIG_MID--AUDIO_10_R1_2006_02_Track02_wav.midi,2006/MIDI-Unprocessed_10_R1_2006_01-04_ORIG_MID--AUDIO_10_R1_2006_02_Track02_wav.wav,1405.964139
Ludwig van Beethoven,Sonata Op. 101,train,2006,MIDI-Unprocessed_21_R1_2006_01-04_ORIG_MID--AUDIO_21_R1_2006_02_Track02_wav.midi,2006/MIDI-Unprocessed_21_R1_2006_01-04_ORIG_MID--AUDIO_21_R1_2006_02_Track02_wav.wav,1256.107184
Ludwig van Beethoven,Sonata Op. 110,train,2006,MIDI-Unprocessed_13_R1_2006_01-06_ORIG_MID--AUDIO_13_R1_2006_02_Track02_wav.midi,2006/MIDI-Unprocessed_13_R1_2006_01-06_ORIG_MID--AUDIO_13_R1_2006_02_Track02_wav.wav,1075.708059
Ludwig van Beethoven,"Sonata Op. 31, No. 3 in E-flat Major",test,2004,MIDI-Unprocessed_XP_15_R1_2004_03_ORIG_MID--AUDIO_15_R1_2004_03_Track03_wav.midi,2004/MIDI-Unprocessed_XP_15_R1_2004_03_ORIG_MID--AUDIO_15_R1_2004_03_Track03_wav.wav,1118.901614
Ludwig van Beethoven,Sonata Op. 54 in F Major,train,2004,MIDI-Unprocessed_XP_15_R1_2004_01-02_ORIG_MID--AUDIO_15_R1_2004_01_Track01_wav.midi,2004/MIDI-Unprocessed_XP_15_R1_2004_01-02_ORIG_MID--AUDIO_15_R1_2004_01_Track01_wav.wav,534.5165856
Ludwig van Beethoven,Sonata Op. 78,train,2006,MIDI-Unprocessed_05_R1_2006_01-05_ORIG_MID--AUDIO_05_R1_2006_01_Track01_wav.midi,2006/MIDI-Unprocessed_05_R1_2006_01-05_ORIG_MID--AUDIO_05_R1_2006_01_Track01_wav.wav,470.6098392
Ludwig van Beethoven,"Sonata Op. 81 No. 26, 'Les Adieux'",train,2004,MIDI-Unprocessed_SMF_17_R1_2004_01-03_ORIG_MID--AUDIO_17_R1_2004_02_Track02_wav--2.midi,2004/MIDI-Unprocessed_SMF_17_R1_2004_01-03_ORIG_MID--AUDIO_17_R1_2004_02_Track02_wav--2.wav,370.4928427
Ludwig van Beethoven,"Sonata Op. 81 No. 26, 'Les Adieux'",train,2004,MIDI-Unprocessed_SMF_17_R1_2004_01-03_ORIG_MID--AUDIO_17_R1_2004_03_Track03_wav.midi,2004/MIDI-Unprocessed_SMF_17_R1_2004_01-03_ORIG_MID--AUDIO_17_R1_2004_03_Track03_wav.wav,563.9331655
Ludwig van Beethoven,"Sonata in A-flat, Op. 110",train,2004,MIDI-Unprocessed_XP_01_R1_2004_01-02_ORIG_MID--AUDIO_01_R1_2004_02_Track02_wav.midi,2004/MIDI-Unprocessed_XP_01_R1_2004_01-02_ORIG_MID--AUDIO_01_R1_2004_02_Track02_wav.wav,362.7628187
Ludwig van Beethoven,"Sonata in A-flat, Op. 110",train,2004,MIDI-Unprocessed_XP_01_R1_2004_01-02_ORIG_MID--AUDIO_01_R1_2004_03_Track03_wav.midi,2004/MIDI-Unprocessed_XP_01_R1_2004_01-02_ORIG_MID--AUDIO_01_R1_2004_03_Track03_wav.wav,732.7841631
Ludwig van Beethoven,"Sonata in A-flat, Op. 110",train,2009,MIDI-Unprocessed_21_R1_2009_01-03_ORIG_MID--AUDIO_21_R1_2009_21_R1_2009_01_WAV.midi,2009/MIDI-Unprocessed_21_R1_2009_01-03_ORIG_MID--AUDIO_21_R1_2009_21_R1_2009_01_WAV.wav,1183.002289
Ludwig van Beethoven,"Sonata in C Major, Op. 2 No. 3, 1st mov.",test,2013,ORIG-MIDI_02_7_7_13_Group__MID--AUDIO_16_R1_2013_wav--2.midi,2013/ORIG-MIDI_02_7_7_13_Group__MID--AUDIO_16_R1_2013_wav--2.wav,422.9696625
Ludwig van Beethoven,"Sonata in C Major, Op. 53 'Waldstein'",train,2004,MIDI-Unprocessed_SMF_22_R1_2004_01-04_ORIG_MID--AUDIO_22_R1_2004_10_Track10_wav.midi,2004/MIDI-Unprocessed_SMF_22_R1_2004_01-04_ORIG_MID--AUDIO_22_R1_2004_10_Track10_wav.wav,804.7454892
Ludwig van Beethoven,"Sonata in D Minor, Op. 31 No. 2 ""Tempest""",train,2018,MIDI-Unprocessed_Recital5-7_MID--AUDIO_06_R1_2018_wav--2.midi,2018/MIDI-Unprocessed_Recital5-7_MID--AUDIO_06_R1_2018_wav--2.wav,1451.399457
Ludwig van Beethoven,"Sonata in D minor, Op. 31, No. 2",train,2004,MIDI-Unprocessed_XP_21_R1_2004_02_ORIG_MID--AUDIO_21_R1_2004_02_Track02_wav.midi,2004/MIDI-Unprocessed_XP_21_R1_2004_02_ORIG_MID--AUDIO_21_R1_2004_02_Track02_wav.wav,497.0669097
Ludwig van Beethoven,"Sonata in D minor, Op. 31, No. 2",train,2004,MIDI-Unprocessed_XP_21_R1_2004_02_ORIG_MID--AUDIO_21_R1_2004_03_Track03_wav.midi,2004/MIDI-Unprocessed_XP_21_R1_2004_02_ORIG_MID--AUDIO_21_R1_2004_03_Track03_wav.wav,781.7776083
Ludwig van Beethoven,"Sonata in E Major, Op. 109",train,2018,MIDI-Unprocessed_Recital5-7_MID--AUDIO_05_R1_2018_wav--1.midi,2018/MIDI-Unprocessed_Recital5-7_MID--AUDIO_05_R1_2018_wav--1.wav,1114.773191
Ludwig van Beethoven,"Sonata in E Major, Op. 14, No. 1",test,2009,MIDI-Unprocessed_17_R1_2009_01-03_ORIG_MID--AUDIO_17_R1_2009_17_R1_2009_01_WAV.midi,2009/MIDI-Unprocessed_17_R1_2009_01-03_ORIG_MID--AUDIO_17_R1_2009_17_R1_2009_01_WAV.wav,753.739898
Ludwig van Beethoven,"Sonata in E-flat Major, Op. 81a",train,2009,MIDI-Unprocessed_20_R1_2009_01-05_ORIG_MID--AUDIO_20_R1_2009_20_R1_2009_01_WAV.midi,2009/MIDI-Unprocessed_20_R1_2009_01-05_ORIG_MID--AUDIO_20_R1_2009_20_R1_2009_01_WAV.wav,934.4181361
Ludwig van Beethoven,"Thirty-Two Variaions in C Minor, WoO80",train,2011,MIDI-Unprocessed_12_R3_2011_MID--AUDIO_R3-D4_03_Track03_wav.midi,2011/MIDI-Unprocessed_12_R3_2011_MID--AUDIO_R3-D4_03_Track03_wav.wav,628.8121383
Ludwig van Beethoven,"Thirty-Two Variaions in C Minor, WoO80",train,2011,MIDI-Unprocessed_17_R3_2011_MID--AUDIO_R3-D6_02_Track02_wav.midi,2011/MIDI-Unprocessed_17_R3_2011_MID--AUDIO_R3-D6_02_Track02_wav.wav,582.6022486
Ludwig van Beethoven,"Thirty-Two Variaions in C Minor, WoO80",train,2011,MIDI-Unprocessed_22_R3_2011_MID--AUDIO_R3-D7_03_Track03_wav.midi,2011/MIDI-Unprocessed_22_R3_2011_MID--AUDIO_R3-D7_03_Track03_wav.wav,615.1128998
Ludwig van Beethoven,"Thirty-Two Variaions in C Minor, WoO80",train,2011,MIDI-Unprocessed_25_R3_2011_MID--AUDIO_R3-D9_04_Track04_wav.midi,2011/MIDI-Unprocessed_25_R3_2011_MID--AUDIO_R3-D9_04_Track04_wav.wav,630.7352133
Ludwig van Beethoven,"Thirty-Two Variations  in C Minor, WoO 80",train,2015,MIDI-Unprocessed_R2_D2-19-21-22_mid--AUDIO-from_mp3_19_R2_2015_wav--2.midi,2015/MIDI-Unprocessed_R2_D2-19-21-22_mid--AUDIO-from_mp3_19_R2_2015_wav--2.wav,649.6739583
Ludwig van Beethoven,"Thirty-Two Variations in C Minor, WoO 80",train,2008,MIDI-Unprocessed_02_R3_2008_01-03_ORIG_MID--AUDIO_02_R3_2008_wav--1.midi,2008/MIDI-Unprocessed_02_R3_2008_01-03_ORIG_MID--AUDIO_02_R3_2008_wav--1.wav,544.0178855
Ludwig van Beethoven,"Thirty-Two Variations in C Minor, WoO 80",train,2008,MIDI-Unprocessed_03_R3_2008_01-03_ORIG_MID--AUDIO_03_R3_2008_wav--1.midi,2008/MIDI-Unprocessed_03_R3_2008_01-03_ORIG_MID--AUDIO_03_R3_2008_wav--1.wav,638.0976525
Ludwig van Beethoven,"Thirty-Two Variations in C Minor, WoO 80",train,2008,MIDI-Unprocessed_04_R3_2008_01-07_ORIG_MID--AUDIO_04_R3_2008_wav--1.midi,2008/MIDI-Unprocessed_04_R3_2008_01-07_ORIG_MID--AUDIO_04_R3_2008_wav--1.wav,644.7295903
Ludwig van Beethoven,"Thirty-Two Variations in C Minor, WoO 80",train,2008,MIDI-Unprocessed_09_R3_2008_01-07_ORIG_MID--AUDIO_09_R3_2008_wav--4.midi,2008/MIDI-Unprocessed_09_R3_2008_01-07_ORIG_MID--AUDIO_09_R3_2008_wav--4.wav,652.9614197
Ludwig van Beethoven,"Thirty-Two Variations in C Minor, WoO 80",train,2008,MIDI-Unprocessed_12_R3_2008_01-04_ORIG_MID--AUDIO_12_R3_2008_wav--1.midi,2008/MIDI-Unprocessed_12_R3_2008_01-04_ORIG_MID--AUDIO_12_R3_2008_wav--1.wav,618.5023195
Ludwig van Beethoven,"Thirty-Two Variations in C Minor, WoO 80",train,2015,MIDI-Unprocessed_R2_D2-12-13-15_mid--AUDIO-from_mp3_12_R2_2015_wav--1.midi,2015/MIDI-Unprocessed_R2_D2-12-13-15_mid--AUDIO-from_mp3_12_R2_2015_wav--1.wav,578.2010417
Ludwig van Beethoven,"Thirty-Two Variations in C Minor, WoO 80",train,2015,MIDI-Unprocessed_R2_D2-19-21-22_mid--AUDIO-from_mp3_21_R2_2015_wav--2.midi,2015/MIDI-Unprocessed_R2_D2-19-21-22_mid--AUDIO-from_mp3_21_R2_2015_wav--2.wav,673.1260417
Ludwig van Beethoven,"Thirty-Two Variations in C Minor, WoO 80",train,2015,MIDI-Unprocessed_R2_D2-19-21-22_mid--AUDIO-from_mp3_22_R2_2015_wav--2.midi,2015/MIDI-Unprocessed_R2_D2-19-21-22_mid--AUDIO-from_mp3_22_R2_2015_wav--2.wav,669.2854167
Ludwig van Beethoven,"Thirty-Two Variations in C Minor, WoO 80",train,2013,ORIG-MIDI_01_7_10_13_Group_MID--AUDIO_07_R3_2013_wav--2.midi,2013/ORIG-MIDI_01_7_10_13_Group_MID--AUDIO_07_R3_2013_wav--2.wav,802.0344544
Ludwig van Beethoven,"Thirty-Two Variations in C Minor, WoO 80",train,2013,ORIG-MIDI_01_7_10_13_Group_MID--AUDIO_08_R3_2013_wav--1.midi,2013/ORIG-MIDI_01_7_10_13_Group_MID--AUDIO_08_R3_2013_wav--1.wav,602.1575175
Ludwig van Beethoven,"Thirty-Two Variations in C Minor, WoO 80",train,2013,ORIG-MIDI_02_7_10_13_Group_MID--AUDIO_12_R3_2013_wav--1.midi,2013/ORIG-MIDI_02_7_10_13_Group_MID--AUDIO_12_R3_2013_wav--1.wav,663.1069758
Ludwig van Beethoven,"Thirty-Two Variations in C Minor, WoO 80",train,2017,MIDI-Unprocessed_071_PIANO071_MID--AUDIO-split_07-08-17_Piano-e_1-04_wav--1.midi,2017/MIDI-Unprocessed_071_PIANO071_MID--AUDIO-split_07-08-17_Piano-e_1-04_wav--1.wav,604.8378482
Ludwig van Beethoven,"Thirty-Two Variations in C Minor, WoO 80",train,2017,MIDI-Unprocessed_073_PIANO073_MID--AUDIO-split_07-08-17_Piano-e_2-02_wav--1.midi,2017/MIDI-Unprocessed_073_PIANO073_MID--AUDIO-split_07-08-17_Piano-e_2-02_wav--1.wav,665.6324221
Ludwig van Beethoven,"Thirty-Two Variations in C Minor, WoO 80",train,2017,MIDI-Unprocessed_075_PIANO075_MID--AUDIO-split_07-08-17_Piano-e_2-06_wav--2.midi,2017/MIDI-Unprocessed_075_PIANO075_MID--AUDIO-split_07-08-17_Piano-e_2-06_wav--2.wav,607.6433901
Ludwig van Beethoven,"Thirty-Two Variations in C Minor, WoO 80",train,2017,MIDI-Unprocessed_078_PIANO078_MID--AUDIO-split_07-09-17_Piano-e_1-02_wav--1.midi,2017/MIDI-Unprocessed_078_PIANO078_MID--AUDIO-split_07-09-17_Piano-e_1-02_wav--1.wav,599.8880862
Ludwig van Beethoven,"Thirty-Two Variations in C Minor, WoO 80",train,2017,MIDI-Unprocessed_079_PIANO079_MID--AUDIO-split_07-09-17_Piano-e_1-04_wav--3.midi,2017/MIDI-Unprocessed_079_PIANO079_MID--AUDIO-split_07-09-17_Piano-e_1-04_wav--3.wav,679.7071395
Ludwig van Beethoven,"Thirty-Two Variations in C Minor, WoO 80",train,2017,MIDI-Unprocessed_080_PIANO080_MID--AUDIO-split_07-09-17_Piano-e_1-06_wav--2.midi,2017/MIDI-Unprocessed_080_PIANO080_MID--AUDIO-split_07-09-17_Piano-e_1-06_wav--2.wav,630.1860146
Ludwig van Beethoven,"Thirty-Two Variations in C Minor, WoO 80",train,2017,MIDI-Unprocessed_082_PIANO082_MID--AUDIO-split_07-09-17_Piano-e_2_-04_wav--1.midi,2017/MIDI-Unprocessed_082_PIANO082_MID--AUDIO-split_07-09-17_Piano-e_2_-04_wav--1.wav,598.04942
Ludwig van Beethoven,"Thirty-Two Variations in C minor, WoO 80",train,2013,ORIG-MIDI_02_7_10_13_Group_MID--AUDIO_14_R3_2013_wav--1.midi,2013/ORIG-MIDI_02_7_10_13_Group_MID--AUDIO_14_R3_2013_wav--1.wav,590.6003709
Ludwig van Beethoven,"Thirty-Two Variations in C minor, WoO 80    ",train,2015,MIDI-Unprocessed_R2_D1-2-3-6-7-8-11_mid--AUDIO-from_mp3_08_R2_2015_wav--1.midi,2015/MIDI-Unprocessed_R2_D1-2-3-6-7-8-11_mid--AUDIO-from_mp3_08_R2_2015_wav--1.wav,658.1875
Ludwig van Beethoven,"Thirty-Two Variations in C minor, WoO 80    ",train,2015,MIDI-Unprocessed_R2_D1-2-3-6-7-8-11_mid--AUDIO-from_mp3_11_R2_2015_wav--1.midi,2015/MIDI-Unprocessed_R2_D1-2-3-6-7-8-11_mid--AUDIO-from_mp3_11_R2_2015_wav--1.wav,687.1354167
Ludwig van Beethoven,"Variations and Fugue in E-flat Major, Op. 35, ""Eroica""",validation,2009,MIDI-Unprocessed_16_R1_2009_01-02_ORIG_MID--AUDIO_16_R1_2009_16_R1_2009_01_WAV.midi,2009/MIDI-Unprocessed_16_R1_2009_01-02_ORIG_MID--AUDIO_16_R1_2009_16_R1_2009_01_WAV.wav,1530.082605